period_start,crime_head,cases_reported,geography,source,source_url,data_classification,licence
2021-01-01,Assault,1095.0,Karnataka (State),Kaggle: Karnataka Crime Review 2021-2024 (Aayush Rokade),https://www.kaggle.com/datasets/aayushrokade/crime-review-of-karnataka-2021-2024,public_aggregate,CC0 (Kaggle)
2021-02-01,Assault,1080.0,Karnataka (State),Kaggle: Karnataka Crime Review 2021-2024 (Aayush Rokade),https://www.kaggle.com/datasets/aayushrokade/crime-review-of-karnataka-2021-2024,public_aggregate,CC0 (Kaggle)
2021-03-01,Assault,1215.0,Karnataka (State),Kaggle: Karnataka Crime Review 2021-2024 (Aayush Rokade),https://www.kaggle.com/datasets/aayushrokade/crime-review-of-karnataka-2021-2024,public_aggregate,CC0 (Kaggle)
2021-04-01,Assault,1141.0,Karnataka (State),Kaggle: Karnataka Crime Review 2021-2024 (Aayush Rokade),https://www.kaggle.com/datasets/aayushrokade/crime-review-of-karnataka-2021-2024,public_aggregate,CC0 (Kaggle)
2021-05-01,Assault,997.0,Karnataka (State),Kaggle: Karnataka Crime Review 2021-2024 (Aayush Rokade),https://www.kaggle.com/datasets/aayushrokade/crime-review-of-karnataka-2021-2024,public_aggregate,CC0 (Kaggle)
2021-06-01,Assault,1094.0,Karnataka (State),Kaggle: Karnataka Crime Review 2021-2024 (Aayush Rokade),https://www.kaggle.com/datasets/aayushrokade/crime-review-of-karnataka-2021-2024,public_aggregate,CC0 (Kaggle)
2021-07-01,Assault,1070.0,Karnataka (State),Kaggle: Karnataka Crime Review 2021-2024 (Aayush Rokade),https://www.kaggle.com/datasets/aayushrokade/crime-review-of-karnataka-2021-2024,public_aggregate,CC0 (Kaggle)
2021-08-01,Assault,1160.0,Karnataka (State),Kaggle: Karnataka Crime Review 2021-2024 (Aayush Rokade),https://www.kaggle.com/datasets/aayushrokade/crime-review-of-karnataka-2021-2024,public_aggregate,CC0 (Kaggle)
2021-09-01,Assault,1063.0,Karnataka (State),Kaggle: Karnataka Crime Review 2021-2024 (Aayush Rokade),https://www.kaggle.com/datasets/aayushrokade/crime-review-of-karnataka-2021-2024,public_aggregate,CC0 (Kaggle)
2021-10-01,Assault,2.0,Karnataka (State),Kaggle: Karnataka Crime Review 2021-2024 (Aayush Rokade),https://www.kaggle.com/datasets/aayushrokade/crime-review-of-karnataka-2021-2024,public_aggregate,CC0 (Kaggle)
2021-11-01,Assault,1039.0,Karnataka (State),Kaggle: Karnataka Crime Review 2021-2024 (Aayush Rokade),https://www.kaggle.com/datasets/aayushrokade/crime-review-of-karnataka-2021-2024,public_aggregate,CC0 (Kaggle)
2021-12-01,Assault,1185.0,Karnataka (State),Kaggle: Karnataka Crime Review 2021-2024 (Aayush Rokade),https://www.kaggle.com/datasets/aayushrokade/crime-review-of-karnataka-2021-2024,public_aggregate,CC0 (Kaggle)
2022-01-01,Assault,1254.0,Karnataka (State),Kaggle: Karnataka Crime Review 2021-2024 (Aayush Rokade),https://www.kaggle.com/datasets/aayushrokade/crime-review-of-karnataka-2021-2024,public_aggregate,CC0 (Kaggle)
2022-02-01,Assault,1204.0,Karnataka (State),Kaggle: Karnataka Crime Review 2021-2024 (Aayush Rokade),https://www.kaggle.com/datasets/aayushrokade/crime-review-of-karnataka-2021-2024,public_aggregate,CC0 (Kaggle)
2022-03-01,Assault,1437.0,Karnataka (State),Kaggle: Karnataka Crime Review 2021-2024 (Aayush Rokade),https://www.kaggle.com/datasets/aayushrokade/crime-review-of-karnataka-2021-2024,public_aggregate,CC0 (Kaggle)
2022-04-01,Assault,1462.0,Karnataka (State),Kaggle: Karnataka Crime Review 2021-2024 (Aayush Rokade),https://www.kaggle.com/datasets/aayushrokade/crime-review-of-karnataka-2021-2024,public_aggregate,CC0 (Kaggle)
2022-05-01,Assault,1313.0,Karnataka (State),Kaggle: Karnataka Crime Review 2021-2024 (Aayush Rokade),https://www.kaggle.com/datasets/aayushrokade/crime-review-of-karnataka-2021-2024,public_aggregate,CC0 (Kaggle)
2022-06-01,Assault,1381.0,Karnataka (State),Kaggle: Karnataka Crime Review 2021-2024 (Aayush Rokade),https://www.kaggle.com/datasets/aayushrokade/crime-review-of-karnataka-2021-2024,public_aggregate,CC0 (Kaggle)
2022-07-01,Assault,1131.0,Karnataka (State),Kaggle: Karnataka Crime Review 2021-2024 (Aayush Rokade),https://www.kaggle.com/datasets/aayushrokade/crime-review-of-karnataka-2021-2024,public_aggregate,CC0 (Kaggle)
2022-08-01,Assault,1183.0,Karnataka (State),Kaggle: Karnataka Crime Review 2021-2024 (Aayush Rokade),https://www.kaggle.com/datasets/aayushrokade/crime-review-of-karnataka-2021-2024,public_aggregate,CC0 (Kaggle)
2022-09-01,Assault,1207.0,Karnataka (State),Kaggle: Karnataka Crime Review 2021-2024 (Aayush Rokade),https://www.kaggle.com/datasets/aayushrokade/crime-review-of-karnataka-2021-2024,public_aggregate,CC0 (Kaggle)
2022-10-01,Assault,1226.0,Karnataka (State),Kaggle: Karnataka Crime Review 2021-2024 (Aayush Rokade),https://www.kaggle.com/datasets/aayushrokade/crime-review-of-karnataka-2021-2024,public_aggregate,CC0 (Kaggle)
2022-11-01,Assault,1173.0,Karnataka (State),Kaggle: Karnataka Crime Review 2021-2024 (Aayush Rokade),https://www.kaggle.com/datasets/aayushrokade/crime-review-of-karnataka-2021-2024,public_aggregate,CC0 (Kaggle)
2022-12-01,Assault,1333.0,Karnataka (State),Kaggle: Karnataka Crime Review 2021-2024 (Aayush Rokade),https://www.kaggle.com/datasets/aayushrokade/crime-review-of-karnataka-2021-2024,public_aggregate,CC0 (Kaggle)
2023-01-01,Assault,1288.0,Karnataka (State),Kaggle: Karnataka Crime Review 2021-2024 (Aayush Rokade),https://www.kaggle.com/datasets/aayushrokade/crime-review-of-karnataka-2021-2024,public_aggregate,CC0 (Kaggle)
2023-02-01,Assault,1207.0,Karnataka (State),Kaggle: Karnataka Crime Review 2021-2024 (Aayush Rokade),https://www.kaggle.com/datasets/aayushrokade/crime-review-of-karnataka-2021-2024,public_aggregate,CC0 (Kaggle)
2023-03-01,Assault,1494.0,Karnataka (State),Kaggle: Karnataka Crime Review 2021-2024 (Aayush Rokade),https://www.kaggle.com/datasets/aayushrokade/crime-review-of-karnataka-2021-2024,public_aggregate,CC0 (Kaggle)
2023-04-01,Assault,1361.0,Karnataka (State),Kaggle: Karnataka Crime Review 2021-2024 (Aayush Rokade),https://www.kaggle.com/datasets/aayushrokade/crime-review-of-karnataka-2021-2024,public_aggregate,CC0 (Kaggle)
2023-05-01,Assault,1599.0815443768024,Karnataka (State),Kaggle: Karnataka Crime Review 2021-2024 (Aayush Rokade),https://www.kaggle.com/datasets/aayushrokade/crime-review-of-karnataka-2021-2024,public_aggregate,CC0 (Kaggle)
2023-06-01,Assault,1598.0,Karnataka (State),Kaggle: Karnataka Crime Review 2021-2024 (Aayush Rokade),https://www.kaggle.com/datasets/aayushrokade/crime-review-of-karnataka-2021-2024,public_aggregate,CC0 (Kaggle)
2023-08-01,Assault,1617.0,Karnataka (State),Kaggle: Karnataka Crime Review 2021-2024 (Aayush Rokade),https://www.kaggle.com/datasets/aayushrokade/crime-review-of-karnataka-2021-2024,public_aggregate,CC0 (Kaggle)
2023-09-01,Assault,1616.0815443768024,Karnataka (State),Kaggle: Karnataka Crime Review 2021-2024 (Aayush Rokade),https://www.kaggle.com/datasets/aayushrokade/crime-review-of-karnataka-2021-2024,public_aggregate,CC0 (Kaggle)
2023-10-01,Assault,1508.0,Karnataka (State),Kaggle: Karnataka Crime Review 2021-2024 (Aayush Rokade),https://www.kaggle.com/datasets/aayushrokade/crime-review-of-karnataka-2021-2024,public_aggregate,CC0 (Kaggle)
2024-01-01,Assault,1377.0,Karnataka (State),Kaggle: Karnataka Crime Review 2021-2024 (Aayush Rokade),https://www.kaggle.com/datasets/aayushrokade/crime-review-of-karnataka-2021-2024,public_aggregate,CC0 (Kaggle)
2024-02-01,Assault,1471.0,Karnataka (State),Kaggle: Karnataka Crime Review 2021-2024 (Aayush Rokade),https://www.kaggle.com/datasets/aayushrokade/crime-review-of-karnataka-2021-2024,public_aggregate,CC0 (Kaggle)
2024-03-01,Assault,1644.0,Karnataka (State),Kaggle: Karnataka Crime Review 2021-2024 (Aayush Rokade),https://www.kaggle.com/datasets/aayushrokade/crime-review-of-karnataka-2021-2024,public_aggregate,CC0 (Kaggle)
2024-04-01,Assault,1609.0,Karnataka (State),Kaggle: Karnataka Crime Review 2021-2024 (Aayush Rokade),https://www.kaggle.com/datasets/aayushrokade/crime-review-of-karnataka-2021-2024,public_aggregate,CC0 (Kaggle)
2024-05-01,Assault,1834.0,Karnataka (State),Kaggle: Karnataka Crime Review 2021-2024 (Aayush Rokade),https://www.kaggle.com/datasets/aayushrokade/crime-review-of-karnataka-2021-2024,public_aggregate,CC0 (Kaggle)
2024-06-01,Assault,1477.0,Karnataka (State),Kaggle: Karnataka Crime Review 2021-2024 (Aayush Rokade),https://www.kaggle.com/datasets/aayushrokade/crime-review-of-karnataka-2021-2024,public_aggregate,CC0 (Kaggle)
2024-07-01,Assault,1249.0,Karnataka (State),Kaggle: Karnataka Crime Review 2021-2024 (Aayush Rokade),https://www.kaggle.com/datasets/aayushrokade/crime-review-of-karnataka-2021-2024,public_aggregate,CC0 (Kaggle)
2024-08-01,Assault,1249.0,Karnataka (State),Kaggle: Karnataka Crime Review 2021-2024 (Aayush Rokade),https://www.kaggle.com/datasets/aayushrokade/crime-review-of-karnataka-2021-2024,public_aggregate,CC0 (Kaggle)
2024-09-01,Assault,2659.835270398482,Karnataka (State),Kaggle: Karnataka Crime Review 2021-2024 (Aayush Rokade),https://www.kaggle.com/datasets/aayushrokade/crime-review-of-karnataka-2021-2024,public_aggregate,CC0 (Kaggle)
2024-10-01,Assault,1282.0,Karnataka (State),Kaggle: Karnataka Crime Review 2021-2024 (Aayush Rokade),https://www.kaggle.com/datasets/aayushrokade/crime-review-of-karnataka-2021-2024,public_aggregate,CC0 (Kaggle)
2024-11-01,Assault,1230.0,Karnataka (State),Kaggle: Karnataka Crime Review 2021-2024 (Aayush Rokade),https://www.kaggle.com/datasets/aayushrokade/crime-review-of-karnataka-2021-2024,public_aggregate,CC0 (Kaggle)
2024-12-01,Assault,1303.0,Karnataka (State),Kaggle: Karnataka Crime Review 2021-2024 (Aayush Rokade),https://www.kaggle.com/datasets/aayushrokade/crime-review-of-karnataka-2021-2024,public_aggregate,CC0 (Kaggle)
2021-01-01,Burglary,411.0,Karnataka (State),Kaggle: Karnataka Crime Review 2021-2024 (Aayush Rokade),https://www.kaggle.com/datasets/aayushrokade/crime-review-of-karnataka-2021-2024,public_aggregate,CC0 (Kaggle)
2021-02-01,Burglary,393.0,Karnataka (State),Kaggle: Karnataka Crime Review 2021-2024 (Aayush Rokade),https://www.kaggle.com/datasets/aayushrokade/crime-review-of-karnataka-2021-2024,public_aggregate,CC0 (Kaggle)
2021-03-01,Burglary,385.0,Karnataka (State),Kaggle: Karnataka Crime Review 2021-2024 (Aayush Rokade),https://www.kaggle.com/datasets/aayushrokade/crime-review-of-karnataka-2021-2024,public_aggregate,CC0 (Kaggle)
2021-04-01,Burglary,283.0,Karnataka (State),Kaggle: Karnataka Crime Review 2021-2024 (Aayush Rokade),https://www.kaggle.com/datasets/aayushrokade/crime-review-of-karnataka-2021-2024,public_aggregate,CC0 (Kaggle)
2021-05-01,Burglary,195.0,Karnataka (State),Kaggle: Karnataka Crime Review 2021-2024 (Aayush Rokade),https://www.kaggle.com/datasets/aayushrokade/crime-review-of-karnataka-2021-2024,public_aggregate,CC0 (Kaggle)
2021-06-01,Burglary,300.0,Karnataka (State),Kaggle: Karnataka Crime Review 2021-2024 (Aayush Rokade),https://www.kaggle.com/datasets/aayushrokade/crime-review-of-karnataka-2021-2024,public_aggregate,CC0 (Kaggle)
2021-07-01,Burglary,491.0,Karnataka (State),Kaggle: Karnataka Crime Review 2021-2024 (Aayush Rokade),https://www.kaggle.com/datasets/aayushrokade/crime-review-of-karnataka-2021-2024,public_aggregate,CC0 (Kaggle)
2021-08-01,Burglary,489.0,Karnataka (State),Kaggle: Karnataka Crime Review 2021-2024 (Aayush Rokade),https://www.kaggle.com/datasets/aayushrokade/crime-review-of-karnataka-2021-2024,public_aggregate,CC0 (Kaggle)
2021-09-01,Burglary,426.0,Karnataka (State),Kaggle: Karnataka Crime Review 2021-2024 (Aayush Rokade),https://www.kaggle.com/datasets/aayushrokade/crime-review-of-karnataka-2021-2024,public_aggregate,CC0 (Kaggle)
2021-10-01,Burglary,466.0,Karnataka (State),Kaggle: Karnataka Crime Review 2021-2024 (Aayush Rokade),https://www.kaggle.com/datasets/aayushrokade/crime-review-of-karnataka-2021-2024,public_aggregate,CC0 (Kaggle)
2021-11-01,Burglary,446.0,Karnataka (State),Kaggle: Karnataka Crime Review 2021-2024 (Aayush Rokade),https://www.kaggle.com/datasets/aayushrokade/crime-review-of-karnataka-2021-2024,public_aggregate,CC0 (Kaggle)
2021-12-01,Burglary,469.0,Karnataka (State),Kaggle: Karnataka Crime Review 2021-2024 (Aayush Rokade),https://www.kaggle.com/datasets/aayushrokade/crime-review-of-karnataka-2021-2024,public_aggregate,CC0 (Kaggle)
2022-01-01,Burglary,410.0,Karnataka (State),Kaggle: Karnataka Crime Review 2021-2024 (Aayush Rokade),https://www.kaggle.com/datasets/aayushrokade/crime-review-of-karnataka-2021-2024,public_aggregate,CC0 (Kaggle)
2022-02-01,Burglary,368.0,Karnataka (State),Kaggle: Karnataka Crime Review 2021-2024 (Aayush Rokade),https://www.kaggle.com/datasets/aayushrokade/crime-review-of-karnataka-2021-2024,public_aggregate,CC0 (Kaggle)
2022-03-01,Burglary,427.0,Karnataka (State),Kaggle: Karnataka Crime Review 2021-2024 (Aayush Rokade),https://www.kaggle.com/datasets/aayushrokade/crime-review-of-karnataka-2021-2024,public_aggregate,CC0 (Kaggle)
2022-04-01,Burglary,424.0,Karnataka (State),Kaggle: Karnataka Crime Review 2021-2024 (Aayush Rokade),https://www.kaggle.com/datasets/aayushrokade/crime-review-of-karnataka-2021-2024,public_aggregate,CC0 (Kaggle)
2022-05-01,Burglary,469.0,Karnataka (State),Kaggle: Karnataka Crime Review 2021-2024 (Aayush Rokade),https://www.kaggle.com/datasets/aayushrokade/crime-review-of-karnataka-2021-2024,public_aggregate,CC0 (Kaggle)
2022-06-01,Burglary,437.0,Karnataka (State),Kaggle: Karnataka Crime Review 2021-2024 (Aayush Rokade),https://www.kaggle.com/datasets/aayushrokade/crime-review-of-karnataka-2021-2024,public_aggregate,CC0 (Kaggle)
2022-07-01,Burglary,473.0,Karnataka (State),Kaggle: Karnataka Crime Review 2021-2024 (Aayush Rokade),https://www.kaggle.com/datasets/aayushrokade/crime-review-of-karnataka-2021-2024,public_aggregate,CC0 (Kaggle)
2022-08-01,Burglary,516.0,Karnataka (State),Kaggle: Karnataka Crime Review 2021-2024 (Aayush Rokade),https://www.kaggle.com/datasets/aayushrokade/crime-review-of-karnataka-2021-2024,public_aggregate,CC0 (Kaggle)
2022-09-01,Burglary,449.0,Karnataka (State),Kaggle: Karnataka Crime Review 2021-2024 (Aayush Rokade),https://www.kaggle.com/datasets/aayushrokade/crime-review-of-karnataka-2021-2024,public_aggregate,CC0 (Kaggle)
2022-10-01,Burglary,445.0,Karnataka (State),Kaggle: Karnataka Crime Review 2021-2024 (Aayush Rokade),https://www.kaggle.com/datasets/aayushrokade/crime-review-of-karnataka-2021-2024,public_aggregate,CC0 (Kaggle)
2022-11-01,Burglary,471.0,Karnataka (State),Kaggle: Karnataka Crime Review 2021-2024 (Aayush Rokade),https://www.kaggle.com/datasets/aayushrokade/crime-review-of-karnataka-2021-2024,public_aggregate,CC0 (Kaggle)
2022-12-01,Burglary,478.0,Karnataka (State),Kaggle: Karnataka Crime Review 2021-2024 (Aayush Rokade),https://www.kaggle.com/datasets/aayushrokade/crime-review-of-karnataka-2021-2024,public_aggregate,CC0 (Kaggle)
2023-01-01,Burglary,439.0,Karnataka (State),Kaggle: Karnataka Crime Review 2021-2024 (Aayush Rokade),https://www.kaggle.com/datasets/aayushrokade/crime-review-of-karnataka-2021-2024,public_aggregate,CC0 (Kaggle)
2023-02-01,Burglary,448.0,Karnataka (State),Kaggle: Karnataka Crime Review 2021-2024 (Aayush Rokade),https://www.kaggle.com/datasets/aayushrokade/crime-review-of-karnataka-2021-2024,public_aggregate,CC0 (Kaggle)
2023-03-01,Burglary,381.0,Karnataka (State),Kaggle: Karnataka Crime Review 2021-2024 (Aayush Rokade),https://www.kaggle.com/datasets/aayushrokade/crime-review-of-karnataka-2021-2024,public_aggregate,CC0 (Kaggle)
2023-04-01,Burglary,335.0,Karnataka (State),Kaggle: Karnataka Crime Review 2021-2024 (Aayush Rokade),https://www.kaggle.com/datasets/aayushrokade/crime-review-of-karnataka-2021-2024,public_aggregate,CC0 (Kaggle)
2023-05-01,Burglary,472.0,Karnataka (State),Kaggle: Karnataka Crime Review 2021-2024 (Aayush Rokade),https://www.kaggle.com/datasets/aayushrokade/crime-review-of-karnataka-2021-2024,public_aggregate,CC0 (Kaggle)
2023-06-01,Burglary,575.0,Karnataka (State),Kaggle: Karnataka Crime Review 2021-2024 (Aayush Rokade),https://www.kaggle.com/datasets/aayushrokade/crime-review-of-karnataka-2021-2024,public_aggregate,CC0 (Kaggle)
2023-08-01,Burglary,1168.0815443768024,Karnataka (State),Kaggle: Karnataka Crime Review 2021-2024 (Aayush Rokade),https://www.kaggle.com/datasets/aayushrokade/crime-review-of-karnataka-2021-2024,public_aggregate,CC0 (Kaggle)
2023-09-01,Burglary,510.0,Karnataka (State),Kaggle: Karnataka Crime Review 2021-2024 (Aayush Rokade),https://www.kaggle.com/datasets/aayushrokade/crime-review-of-karnataka-2021-2024,public_aggregate,CC0 (Kaggle)
2023-10-01,Burglary,541.0,Karnataka (State),Kaggle: Karnataka Crime Review 2021-2024 (Aayush Rokade),https://www.kaggle.com/datasets/aayushrokade/crime-review-of-karnataka-2021-2024,public_aggregate,CC0 (Kaggle)
2024-01-01,Burglary,514.0,Karnataka (State),Kaggle: Karnataka Crime Review 2021-2024 (Aayush Rokade),https://www.kaggle.com/datasets/aayushrokade/crime-review-of-karnataka-2021-2024,public_aggregate,CC0 (Kaggle)
2024-02-01,Burglary,448.0,Karnataka (State),Kaggle: Karnataka Crime Review 2021-2024 (Aayush Rokade),https://www.kaggle.com/datasets/aayushrokade/crime-review-of-karnataka-2021-2024,public_aggregate,CC0 (Kaggle)
2024-03-01,Burglary,396.0,Karnataka (State),Kaggle: Karnataka Crime Review 2021-2024 (Aayush Rokade),https://www.kaggle.com/datasets/aayushrokade/crime-review-of-karnataka-2021-2024,public_aggregate,CC0 (Kaggle)
2024-04-01,Burglary,393.0,Karnataka (State),Kaggle: Karnataka Crime Review 2021-2024 (Aayush Rokade),https://www.kaggle.com/datasets/aayushrokade/crime-review-of-karnataka-2021-2024,public_aggregate,CC0 (Kaggle)
2024-05-01,Burglary,494.0,Karnataka (State),Kaggle: Karnataka Crime Review 2021-2024 (Aayush Rokade),https://www.kaggle.com/datasets/aayushrokade/crime-review-of-karnataka-2021-2024,public_aggregate,CC0 (Kaggle)
2024-06-01,Burglary,513.0,Karnataka (State),Kaggle: Karnataka Crime Review 2021-2024 (Aayush Rokade),https://www.kaggle.com/datasets/aayushrokade/crime-review-of-karnataka-2021-2024,public_aggregate,CC0 (Kaggle)
2024-07-01,Burglary,429.0,Karnataka (State),Kaggle: Karnataka Crime Review 2021-2024 (Aayush Rokade),https://www.kaggle.com/datasets/aayushrokade/crime-review-of-karnataka-2021-2024,public_aggregate,CC0 (Kaggle)
2024-08-01,Burglary,429.0,Karnataka (State),Kaggle: Karnataka Crime Review 2021-2024 (Aayush Rokade),https://www.kaggle.com/datasets/aayushrokade/crime-review-of-karnataka-2021-2024,public_aggregate,CC0 (Kaggle)
2024-09-01,Burglary,373.0,Karnataka (State),Kaggle: Karnataka Crime Review 2021-2024 (Aayush Rokade),https://www.kaggle.com/datasets/aayushrokade/crime-review-of-karnataka-2021-2024,public_aggregate,CC0 (Kaggle)
2024-10-01,Burglary,484.0,Karnataka (State),Kaggle: Karnataka Crime Review 2021-2024 (Aayush Rokade),https://www.kaggle.com/datasets/aayushrokade/crime-review-of-karnataka-2021-2024,public_aggregate,CC0 (Kaggle)
2024-11-01,Burglary,421.0,Karnataka (State),Kaggle: Karnataka Crime Review 2021-2024 (Aayush Rokade),https://www.kaggle.com/datasets/aayushrokade/crime-review-of-karnataka-2021-2024,public_aggregate,CC0 (Kaggle)
2024-12-01,Burglary,427.0,Karnataka (State),Kaggle: Karnataka Crime Review 2021-2024 (Aayush Rokade),https://www.kaggle.com/datasets/aayushrokade/crime-review-of-karnataka-2021-2024,public_aggregate,CC0 (Kaggle)
2021-01-01,Cyber Fraud,109.0,Karnataka (State),Kaggle: Karnataka Crime Review 2021-2024 (Aayush Rokade),https://www.kaggle.com/datasets/aayushrokade/crime-review-of-karnataka-2021-2024,public_aggregate,CC0 (Kaggle)
2021-02-01,Cyber Fraud,96.0,Karnataka (State),Kaggle: Karnataka Crime Review 2021-2024 (Aayush Rokade),https://www.kaggle.com/datasets/aayushrokade/crime-review-of-karnataka-2021-2024,public_aggregate,CC0 (Kaggle)
2021-03-01,Cyber Fraud,113.0,Karnataka (State),Kaggle: Karnataka Crime Review 2021-2024 (Aayush Rokade),https://www.kaggle.com/datasets/aayushrokade/crime-review-of-karnataka-2021-2024,public_aggregate,CC0 (Kaggle)
2021-04-01,Cyber Fraud,92.0,Karnataka (State),Kaggle: Karnataka Crime Review 2021-2024 (Aayush Rokade),https://www.kaggle.com/datasets/aayushrokade/crime-review-of-karnataka-2021-2024,public_aggregate,CC0 (Kaggle)
2021-05-01,Cyber Fraud,78.0,Karnataka (State),Kaggle: Karnataka Crime Review 2021-2024 (Aayush Rokade),https://www.kaggle.com/datasets/aayushrokade/crime-review-of-karnataka-2021-2024,public_aggregate,CC0 (Kaggle)
2021-06-01,Cyber Fraud,189.0,Karnataka (State),Kaggle: Karnataka Crime Review 2021-2024 (Aayush Rokade),https://www.kaggle.com/datasets/aayushrokade/crime-review-of-karnataka-2021-2024,public_aggregate,CC0 (Kaggle)
2021-07-01,Cyber Fraud,241.0,Karnataka (State),Kaggle: Karnataka Crime Review 2021-2024 (Aayush Rokade),https://www.kaggle.com/datasets/aayushrokade/crime-review-of-karnataka-2021-2024,public_aggregate,CC0 (Kaggle)
2021-08-01,Cyber Fraud,205.0,Karnataka (State),Kaggle: Karnataka Crime Review 2021-2024 (Aayush Rokade),https://www.kaggle.com/datasets/aayushrokade/crime-review-of-karnataka-2021-2024,public_aggregate,CC0 (Kaggle)
2021-09-01,Cyber Fraud,283.0,Karnataka (State),Kaggle: Karnataka Crime Review 2021-2024 (Aayush Rokade),https://www.kaggle.com/datasets/aayushrokade/crime-review-of-karnataka-2021-2024,public_aggregate,CC0 (Kaggle)
2021-10-01,Cyber Fraud,248.0,Karnataka (State),Kaggle: Karnataka Crime Review 2021-2024 (Aayush Rokade),https://www.kaggle.com/datasets/aayushrokade/crime-review-of-karnataka-2021-2024,public_aggregate,CC0 (Kaggle)
2021-11-01,Cyber Fraud,218.0,Karnataka (State),Kaggle: Karnataka Crime Review 2021-2024 (Aayush Rokade),https://www.kaggle.com/datasets/aayushrokade/crime-review-of-karnataka-2021-2024,public_aggregate,CC0 (Kaggle)
2021-12-01,Cyber Fraud,294.0,Karnataka (State),Kaggle: Karnataka Crime Review 2021-2024 (Aayush Rokade),https://www.kaggle.com/datasets/aayushrokade/crime-review-of-karnataka-2021-2024,public_aggregate,CC0 (Kaggle)
2022-01-01,Cyber Fraud,219.0,Karnataka (State),Kaggle: Karnataka Crime Review 2021-2024 (Aayush Rokade),https://www.kaggle.com/datasets/aayushrokade/crime-review-of-karnataka-2021-2024,public_aggregate,CC0 (Kaggle)
2022-02-01,Cyber Fraud,254.0,Karnataka (State),Kaggle: Karnataka Crime Review 2021-2024 (Aayush Rokade),https://www.kaggle.com/datasets/aayushrokade/crime-review-of-karnataka-2021-2024,public_aggregate,CC0 (Kaggle)
2022-03-01,Cyber Fraud,258.0,Karnataka (State),Kaggle: Karnataka Crime Review 2021-2024 (Aayush Rokade),https://www.kaggle.com/datasets/aayushrokade/crime-review-of-karnataka-2021-2024,public_aggregate,CC0 (Kaggle)
2022-04-01,Cyber Fraud,316.0,Karnataka (State),Kaggle: Karnataka Crime Review 2021-2024 (Aayush Rokade),https://www.kaggle.com/datasets/aayushrokade/crime-review-of-karnataka-2021-2024,public_aggregate,CC0 (Kaggle)
2022-05-01,Cyber Fraud,308.0,Karnataka (State),Kaggle: Karnataka Crime Review 2021-2024 (Aayush Rokade),https://www.kaggle.com/datasets/aayushrokade/crime-review-of-karnataka-2021-2024,public_aggregate,CC0 (Kaggle)
2022-06-01,Cyber Fraud,322.0,Karnataka (State),Kaggle: Karnataka Crime Review 2021-2024 (Aayush Rokade),https://www.kaggle.com/datasets/aayushrokade/crime-review-of-karnataka-2021-2024,public_aggregate,CC0 (Kaggle)
2022-07-01,Cyber Fraud,407.0,Karnataka (State),Kaggle: Karnataka Crime Review 2021-2024 (Aayush Rokade),https://www.kaggle.com/datasets/aayushrokade/crime-review-of-karnataka-2021-2024,public_aggregate,CC0 (Kaggle)
2022-08-01,Cyber Fraud,358.0,Karnataka (State),Kaggle: Karnataka Crime Review 2021-2024 (Aayush Rokade),https://www.kaggle.com/datasets/aayushrokade/crime-review-of-karnataka-2021-2024,public_aggregate,CC0 (Kaggle)
2022-09-01,Cyber Fraud,389.0,Karnataka (State),Kaggle: Karnataka Crime Review 2021-2024 (Aayush Rokade),https://www.kaggle.com/datasets/aayushrokade/crime-review-of-karnataka-2021-2024,public_aggregate,CC0 (Kaggle)
2022-10-01,Cyber Fraud,366.0,Karnataka (State),Kaggle: Karnataka Crime Review 2021-2024 (Aayush Rokade),https://www.kaggle.com/datasets/aayushrokade/crime-review-of-karnataka-2021-2024,public_aggregate,CC0 (Kaggle)
2022-11-01,Cyber Fraud,459.0,Karnataka (State),Kaggle: Karnataka Crime Review 2021-2024 (Aayush Rokade),https://www.kaggle.com/datasets/aayushrokade/crime-review-of-karnataka-2021-2024,public_aggregate,CC0 (Kaggle)
2022-12-01,Cyber Fraud,428.0,Karnataka (State),Kaggle: Karnataka Crime Review 2021-2024 (Aayush Rokade),https://www.kaggle.com/datasets/aayushrokade/crime-review-of-karnataka-2021-2024,public_aggregate,CC0 (Kaggle)
2023-01-01,Cyber Fraud,431.0,Karnataka (State),Kaggle: Karnataka Crime Review 2021-2024 (Aayush Rokade),https://www.kaggle.com/datasets/aayushrokade/crime-review-of-karnataka-2021-2024,public_aggregate,CC0 (Kaggle)
2023-02-01,Cyber Fraud,487.0,Karnataka (State),Kaggle: Karnataka Crime Review 2021-2024 (Aayush Rokade),https://www.kaggle.com/datasets/aayushrokade/crime-review-of-karnataka-2021-2024,public_aggregate,CC0 (Kaggle)
2023-03-01,Cyber Fraud,610.0,Karnataka (State),Kaggle: Karnataka Crime Review 2021-2024 (Aayush Rokade),https://www.kaggle.com/datasets/aayushrokade/crime-review-of-karnataka-2021-2024,public_aggregate,CC0 (Kaggle)
2023-04-01,Cyber Fraud,638.0,Karnataka (State),Kaggle: Karnataka Crime Review 2021-2024 (Aayush Rokade),https://www.kaggle.com/datasets/aayushrokade/crime-review-of-karnataka-2021-2024,public_aggregate,CC0 (Kaggle)
2023-05-01,Cyber Fraud,584.0,Karnataka (State),Kaggle: Karnataka Crime Review 2021-2024 (Aayush Rokade),https://www.kaggle.com/datasets/aayushrokade/crime-review-of-karnataka-2021-2024,public_aggregate,CC0 (Kaggle)
2023-06-01,Cyber Fraud,656.0,Karnataka (State),Kaggle: Karnataka Crime Review 2021-2024 (Aayush Rokade),https://www.kaggle.com/datasets/aayushrokade/crime-review-of-karnataka-2021-2024,public_aggregate,CC0 (Kaggle)
2023-08-01,Cyber Fraud,762.0,Karnataka (State),Kaggle: Karnataka Crime Review 2021-2024 (Aayush Rokade),https://www.kaggle.com/datasets/aayushrokade/crime-review-of-karnataka-2021-2024,public_aggregate,CC0 (Kaggle)
2023-09-01,Cyber Fraud,666.0,Karnataka (State),Kaggle: Karnataka Crime Review 2021-2024 (Aayush Rokade),https://www.kaggle.com/datasets/aayushrokade/crime-review-of-karnataka-2021-2024,public_aggregate,CC0 (Kaggle)
2023-10-01,Cyber Fraud,681.0,Karnataka (State),Kaggle: Karnataka Crime Review 2021-2024 (Aayush Rokade),https://www.kaggle.com/datasets/aayushrokade/crime-review-of-karnataka-2021-2024,public_aggregate,CC0 (Kaggle)
2024-01-01,Cyber Fraud,613.0,Karnataka (State),Kaggle: Karnataka Crime Review 2021-2024 (Aayush Rokade),https://www.kaggle.com/datasets/aayushrokade/crime-review-of-karnataka-2021-2024,public_aggregate,CC0 (Kaggle)
2024-02-01,Cyber Fraud,572.0,Karnataka (State),Kaggle: Karnataka Crime Review 2021-2024 (Aayush Rokade),https://www.kaggle.com/datasets/aayushrokade/crime-review-of-karnataka-2021-2024,public_aggregate,CC0 (Kaggle)
2024-03-01,Cyber Fraud,574.0,Karnataka (State),Kaggle: Karnataka Crime Review 2021-2024 (Aayush Rokade),https://www.kaggle.com/datasets/aayushrokade/crime-review-of-karnataka-2021-2024,public_aggregate,CC0 (Kaggle)
2024-04-01,Cyber Fraud,444.0,Karnataka (State),Kaggle: Karnataka Crime Review 2021-2024 (Aayush Rokade),https://www.kaggle.com/datasets/aayushrokade/crime-review-of-karnataka-2021-2024,public_aggregate,CC0 (Kaggle)
2024-05-01,Cyber Fraud,618.0,Karnataka (State),Kaggle: Karnataka Crime Review 2021-2024 (Aayush Rokade),https://www.kaggle.com/datasets/aayushrokade/crime-review-of-karnataka-2021-2024,public_aggregate,CC0 (Kaggle)
2024-06-01,Cyber Fraud,589.0,Karnataka (State),Kaggle: Karnataka Crime Review 2021-2024 (Aayush Rokade),https://www.kaggle.com/datasets/aayushrokade/crime-review-of-karnataka-2021-2024,public_aggregate,CC0 (Kaggle)
2024-07-01,Cyber Fraud,544.0,Karnataka (State),Kaggle: Karnataka Crime Review 2021-2024 (Aayush Rokade),https://www.kaggle.com/datasets/aayushrokade/crime-review-of-karnataka-2021-2024,public_aggregate,CC0 (Kaggle)
2024-08-01,Cyber Fraud,544.0,Karnataka (State),Kaggle: Karnataka Crime Review 2021-2024 (Aayush Rokade),https://www.kaggle.com/datasets/aayushrokade/crime-review-of-karnataka-2021-2024,public_aggregate,CC0 (Kaggle)
2024-09-01,Cyber Fraud,555.0,Karnataka (State),Kaggle: Karnataka Crime Review 2021-2024 (Aayush Rokade),https://www.kaggle.com/datasets/aayushrokade/crime-review-of-karnataka-2021-2024,public_aggregate,CC0 (Kaggle)
2024-10-01,Cyber Fraud,517.0,Karnataka (State),Kaggle: Karnataka Crime Review 2021-2024 (Aayush Rokade),https://www.kaggle.com/datasets/aayushrokade/crime-review-of-karnataka-2021-2024,public_aggregate,CC0 (Kaggle)
2024-11-01,Cyber Fraud,474.0,Karnataka (State),Kaggle: Karnataka Crime Review 2021-2024 (Aayush Rokade),https://www.kaggle.com/datasets/aayushrokade/crime-review-of-karnataka-2021-2024,public_aggregate,CC0 (Kaggle)
2024-12-01,Cyber Fraud,528.0,Karnataka (State),Kaggle: Karnataka Crime Review 2021-2024 (Aayush Rokade),https://www.kaggle.com/datasets/aayushrokade/crime-review-of-karnataka-2021-2024,public_aggregate,CC0 (Kaggle)
2021-01-01,Other IPC,10735.0,Karnataka (State),Kaggle: Karnataka Crime Review 2021-2024 (Aayush Rokade),https://www.kaggle.com/datasets/aayushrokade/crime-review-of-karnataka-2021-2024,public_aggregate,CC0 (Kaggle)
2021-02-01,Other IPC,10446.0,Karnataka (State),Kaggle: Karnataka Crime Review 2021-2024 (Aayush Rokade),https://www.kaggle.com/datasets/aayushrokade/crime-review-of-karnataka-2021-2024,public_aggregate,CC0 (Kaggle)
2021-03-01,Other IPC,11664.0,Karnataka (State),Kaggle: Karnataka Crime Review 2021-2024 (Aayush Rokade),https://www.kaggle.com/datasets/aayushrokade/crime-review-of-karnataka-2021-2024,public_aggregate,CC0 (Kaggle)
2021-04-01,Other IPC,12127.743187240989,Karnataka (State),Kaggle: Karnataka Crime Review 2021-2024 (Aayush Rokade),https://www.kaggle.com/datasets/aayushrokade/crime-review-of-karnataka-2021-2024,public_aggregate,CC0 (Kaggle)
2021-05-01,Other IPC,12542.0,Karnataka (State),Kaggle: Karnataka Crime Review 2021-2024 (Aayush Rokade),https://www.kaggle.com/datasets/aayushrokade/crime-review-of-karnataka-2021-2024,public_aggregate,CC0 (Kaggle)
2021-06-01,Other IPC,11431.0,Karnataka (State),Kaggle: Karnataka Crime Review 2021-2024 (Aayush Rokade),https://www.kaggle.com/datasets/aayushrokade/crime-review-of-karnataka-2021-2024,public_aggregate,CC0 (Kaggle)
2021-07-01,Other IPC,11696.0,Karnataka (State),Kaggle: Karnataka Crime Review 2021-2024 (Aayush Rokade),https://www.kaggle.com/datasets/aayushrokade/crime-review-of-karnataka-2021-2024,public_aggregate,CC0 (Kaggle)
2021-08-01,Other IPC,11686.0,Karnataka (State),Kaggle: Karnataka Crime Review 2021-2024 (Aayush Rokade),https://www.kaggle.com/datasets/aayushrokade/crime-review-of-karnataka-2021-2024,public_aggregate,CC0 (Kaggle)
2021-09-01,Other IPC,11686.0,Karnataka (State),Kaggle: Karnataka Crime Review 2021-2024 (Aayush Rokade),https://www.kaggle.com/datasets/aayushrokade/crime-review-of-karnataka-2021-2024,public_aggregate,CC0 (Kaggle)
2021-10-01,Other IPC,12509.0,Karnataka (State),Kaggle: Karnataka Crime Review 2021-2024 (Aayush Rokade),https://www.kaggle.com/datasets/aayushrokade/crime-review-of-karnataka-2021-2024,public_aggregate,CC0 (Kaggle)
2021-11-01,Other IPC,11385.371593620495,Karnataka (State),Kaggle: Karnataka Crime Review 2021-2024 (Aayush Rokade),https://www.kaggle.com/datasets/aayushrokade/crime-review-of-karnataka-2021-2024,public_aggregate,CC0 (Kaggle)
2021-12-01,Other IPC,12482.371593620495,Karnataka (State),Kaggle: Karnataka Crime Review 2021-2024 (Aayush Rokade),https://www.kaggle.com/datasets/aayushrokade/crime-review-of-karnataka-2021-2024,public_aggregate,CC0 (Kaggle)
2022-01-01,Other IPC,12402.791904704023,Karnataka (State),Kaggle: Karnataka Crime Review 2021-2024 (Aayush Rokade),https://www.kaggle.com/datasets/aayushrokade/crime-review-of-karnataka-2021-2024,public_aggregate,CC0 (Kaggle)
2022-02-01,Other IPC,12188.791904704023,Karnataka (State),Kaggle: Karnataka Crime Review 2021-2024 (Aayush Rokade),https://www.kaggle.com/datasets/aayushrokade/crime-review-of-karnataka-2021-2024,public_aggregate,CC0 (Kaggle)
2022-03-01,Other IPC,13704.895952352012,Karnataka (State),Kaggle: Karnataka Crime Review 2021-2024 (Aayush Rokade),https://www.kaggle.com/datasets/aayushrokade/crime-review-of-karnataka-2021-2024,public_aggregate,CC0 (Kaggle)
2022-04-01,Other IPC,13123.0,Karnataka (State),Kaggle: Karnataka Crime Review 2021-2024 (Aayush Rokade),https://www.kaggle.com/datasets/aayushrokade/crime-review-of-karnataka-2021-2024,public_aggregate,CC0 (Kaggle)
2022-05-01,Other IPC,14723.0,Karnataka (State),Kaggle: Karnataka Crime Review 2021-2024 (Aayush Rokade),https://www.kaggle.com/datasets/aayushrokade/crime-review-of-karnataka-2021-2024,public_aggregate,CC0 (Kaggle)
2022-06-01,Other IPC,13875.167618816093,Karnataka (State),Kaggle: Karnataka Crime Review 2021-2024 (Aayush Rokade),https://www.kaggle.com/datasets/aayushrokade/crime-review-of-karnataka-2021-2024,public_aggregate,CC0 (Kaggle)
2022-07-01,Other IPC,12946.271666464081,Karnataka (State),Kaggle: Karnataka Crime Review 2021-2024 (Aayush Rokade),https://www.kaggle.com/datasets/aayushrokade/crime-review-of-karnataka-2021-2024,public_aggregate,CC0 (Kaggle)
2022-08-01,Other IPC,12611.895952352012,Karnataka (State),Kaggle: Karnataka Crime Review 2021-2024 (Aayush Rokade),https://www.kaggle.com/datasets/aayushrokade/crime-review-of-karnataka-2021-2024,public_aggregate,CC0 (Kaggle)
2022-09-01,Other IPC,12561.791904704023,Karnataka (State),Kaggle: Karnataka Crime Review 2021-2024 (Aayush Rokade),https://www.kaggle.com/datasets/aayushrokade/crime-review-of-karnataka-2021-2024,public_aggregate,CC0 (Kaggle)
2022-10-01,Other IPC,12366.895952352012,Karnataka (State),Kaggle: Karnataka Crime Review 2021-2024 (Aayush Rokade),https://www.kaggle.com/datasets/aayushrokade/crime-review-of-karnataka-2021-2024,public_aggregate,CC0 (Kaggle)
2022-11-01,Other IPC,13188.0,Karnataka (State),Kaggle: Karnataka Crime Review 2021-2024 (Aayush Rokade),https://www.kaggle.com/datasets/aayushrokade/crime-review-of-karnataka-2021-2024,public_aggregate,CC0 (Kaggle)
2022-12-01,Other IPC,13989.0,Karnataka (State),Kaggle: Karnataka Crime Review 2021-2024 (Aayush Rokade),https://www.kaggle.com/datasets/aayushrokade/crime-review-of-karnataka-2021-2024,public_aggregate,CC0 (Kaggle)
2023-01-01,Other IPC,12810.163088753605,Karnataka (State),Kaggle: Karnataka Crime Review 2021-2024 (Aayush Rokade),https://www.kaggle.com/datasets/aayushrokade/crime-review-of-karnataka-2021-2024,public_aggregate,CC0 (Kaggle)
2023-02-01,Other IPC,14631.0,Karnataka (State),Kaggle: Karnataka Crime Review 2021-2024 (Aayush Rokade),https://www.kaggle.com/datasets/aayushrokade/crime-review-of-karnataka-2021-2024,public_aggregate,CC0 (Kaggle)
2023-03-01,Other IPC,17567.489266260814,Karnataka (State),Kaggle: Karnataka Crime Review 2021-2024 (Aayush Rokade),https://www.kaggle.com/datasets/aayushrokade/crime-review-of-karnataka-2021-2024,public_aggregate,CC0 (Kaggle)
2023-04-01,Other IPC,16454.244633130405,Karnataka (State),Kaggle: Karnataka Crime Review 2021-2024 (Aayush Rokade),https://www.kaggle.com/datasets/aayushrokade/crime-review-of-karnataka-2021-2024,public_aggregate,CC0 (Kaggle)
2023-05-01,Other IPC,15637.489266260814,Karnataka (State),Kaggle: Karnataka Crime Review 2021-2024 (Aayush Rokade),https://www.kaggle.com/datasets/aayushrokade/crime-review-of-karnataka-2021-2024,public_aggregate,CC0 (Kaggle)
2023-06-01,Other IPC,17085.0,Karnataka (State),Kaggle: Karnataka Crime Review 2021-2024 (Aayush Rokade),https://www.kaggle.com/datasets/aayushrokade/crime-review-of-karnataka-2021-2024,public_aggregate,CC0 (Kaggle)
2023-08-01,Other IPC,17567.32617750721,Karnataka (State),Kaggle: Karnataka Crime Review 2021-2024 (Aayush Rokade),https://www.kaggle.com/datasets/aayushrokade/crime-review-of-karnataka-2021-2024,public_aggregate,CC0 (Kaggle)
2023-09-01,Other IPC,16673.40772188401,Karnataka (State),Kaggle: Karnataka Crime Review 2021-2024 (Aayush Rokade),https://www.kaggle.com/datasets/aayushrokade/crime-review-of-karnataka-2021-2024,public_aggregate,CC0 (Kaggle)
2023-10-01,Other IPC,15107.0,Karnataka (State),Kaggle: Karnataka Crime Review 2021-2024 (Aayush Rokade),https://www.kaggle.com/datasets/aayushrokade/crime-review-of-karnataka-2021-2024,public_aggregate,CC0 (Kaggle)
2024-01-01,Other IPC,14389.341081593928,Karnataka (State),Kaggle: Karnataka Crime Review 2021-2024 (Aayush Rokade),https://www.kaggle.com/datasets/aayushrokade/crime-review-of-karnataka-2021-2024,public_aggregate,CC0 (Kaggle)
2024-02-01,Other IPC,14817.0,Karnataka (State),Kaggle: Karnataka Crime Review 2021-2024 (Aayush Rokade),https://www.kaggle.com/datasets/aayushrokade/crime-review-of-karnataka-2021-2024,public_aggregate,CC0 (Kaggle)
2024-03-01,Other IPC,16145.0,Karnataka (State),Kaggle: Karnataka Crime Review 2021-2024 (Aayush Rokade),https://www.kaggle.com/datasets/aayushrokade/crime-review-of-karnataka-2021-2024,public_aggregate,CC0 (Kaggle)
2024-04-01,Other IPC,14345.341081593928,Karnataka (State),Kaggle: Karnataka Crime Review 2021-2024 (Aayush Rokade),https://www.kaggle.com/datasets/aayushrokade/crime-review-of-karnataka-2021-2024,public_aggregate,CC0 (Kaggle)
2024-05-01,Other IPC,16197.341081593928,Karnataka (State),Kaggle: Karnataka Crime Review 2021-2024 (Aayush Rokade),https://www.kaggle.com/datasets/aayushrokade/crime-review-of-karnataka-2021-2024,public_aggregate,CC0 (Kaggle)
2024-06-01,Other IPC,14867.0,Karnataka (State),Kaggle: Karnataka Crime Review 2021-2024 (Aayush Rokade),https://www.kaggle.com/datasets/aayushrokade/crime-review-of-karnataka-2021-2024,public_aggregate,CC0 (Kaggle)
2024-07-01,Other IPC,14875.341081593928,Karnataka (State),Kaggle: Karnataka Crime Review 2021-2024 (Aayush Rokade),https://www.kaggle.com/datasets/aayushrokade/crime-review-of-karnataka-2021-2024,public_aggregate,CC0 (Kaggle)
2024-08-01,Other IPC,14277.0,Karnataka (State),Kaggle: Karnataka Crime Review 2021-2024 (Aayush Rokade),https://www.kaggle.com/datasets/aayushrokade/crime-review-of-karnataka-2021-2024,public_aggregate,CC0 (Kaggle)
2024-09-01,Other IPC,16902.846892789374,Karnataka (State),Kaggle: Karnataka Crime Review 2021-2024 (Aayush Rokade),https://www.kaggle.com/datasets/aayushrokade/crime-review-of-karnataka-2021-2024,public_aggregate,CC0 (Kaggle)
2024-10-01,Other IPC,12894.0,Karnataka (State),Kaggle: Karnataka Crime Review 2021-2024 (Aayush Rokade),https://www.kaggle.com/datasets/aayushrokade/crime-review-of-karnataka-2021-2024,public_aggregate,CC0 (Kaggle)
2024-11-01,Other IPC,15494.011622390892,Karnataka (State),Kaggle: Karnataka Crime Review 2021-2024 (Aayush Rokade),https://www.kaggle.com/datasets/aayushrokade/crime-review-of-karnataka-2021-2024,public_aggregate,CC0 (Kaggle)
2024-12-01,Other IPC,15955.341081593928,Karnataka (State),Kaggle: Karnataka Crime Review 2021-2024 (Aayush Rokade),https://www.kaggle.com/datasets/aayushrokade/crime-review-of-karnataka-2021-2024,public_aggregate,CC0 (Kaggle)
2021-01-01,Robbery,144.0,Karnataka (State),Kaggle: Karnataka Crime Review 2021-2024 (Aayush Rokade),https://www.kaggle.com/datasets/aayushrokade/crime-review-of-karnataka-2021-2024,public_aggregate,CC0 (Kaggle)
2021-02-01,Robbery,190.0,Karnataka (State),Kaggle: Karnataka Crime Review 2021-2024 (Aayush Rokade),https://www.kaggle.com/datasets/aayushrokade/crime-review-of-karnataka-2021-2024,public_aggregate,CC0 (Kaggle)
2021-03-01,Robbery,177.0,Karnataka (State),Kaggle: Karnataka Crime Review 2021-2024 (Aayush Rokade),https://www.kaggle.com/datasets/aayushrokade/crime-review-of-karnataka-2021-2024,public_aggregate,CC0 (Kaggle)
2021-04-01,Robbery,117.0,Karnataka (State),Kaggle: Karnataka Crime Review 2021-2024 (Aayush Rokade),https://www.kaggle.com/datasets/aayushrokade/crime-review-of-karnataka-2021-2024,public_aggregate,CC0 (Kaggle)
2021-05-01,Robbery,74.0,Karnataka (State),Kaggle: Karnataka Crime Review 2021-2024 (Aayush Rokade),https://www.kaggle.com/datasets/aayushrokade/crime-review-of-karnataka-2021-2024,public_aggregate,CC0 (Kaggle)
2021-06-01,Robbery,107.0,Karnataka (State),Kaggle: Karnataka Crime Review 2021-2024 (Aayush Rokade),https://www.kaggle.com/datasets/aayushrokade/crime-review-of-karnataka-2021-2024,public_aggregate,CC0 (Kaggle)
2021-07-01,Robbery,152.0,Karnataka (State),Kaggle: Karnataka Crime Review 2021-2024 (Aayush Rokade),https://www.kaggle.com/datasets/aayushrokade/crime-review-of-karnataka-2021-2024,public_aggregate,CC0 (Kaggle)
2021-09-01,Robbery,128.0,Karnataka (State),Kaggle: Karnataka Crime Review 2021-2024 (Aayush Rokade),https://www.kaggle.com/datasets/aayushrokade/crime-review-of-karnataka-2021-2024,public_aggregate,CC0 (Kaggle)
2021-10-01,Robbery,120.0,Karnataka (State),Kaggle: Karnataka Crime Review 2021-2024 (Aayush Rokade),https://www.kaggle.com/datasets/aayushrokade/crime-review-of-karnataka-2021-2024,public_aggregate,CC0 (Kaggle)
2021-11-01,Robbery,139.0,Karnataka (State),Kaggle: Karnataka Crime Review 2021-2024 (Aayush Rokade),https://www.kaggle.com/datasets/aayushrokade/crime-review-of-karnataka-2021-2024,public_aggregate,CC0 (Kaggle)
2021-12-01,Robbery,154.0,Karnataka (State),Kaggle: Karnataka Crime Review 2021-2024 (Aayush Rokade),https://www.kaggle.com/datasets/aayushrokade/crime-review-of-karnataka-2021-2024,public_aggregate,CC0 (Kaggle)
2022-01-01,Robbery,116.0,Karnataka (State),Kaggle: Karnataka Crime Review 2021-2024 (Aayush Rokade),https://www.kaggle.com/datasets/aayushrokade/crime-review-of-karnataka-2021-2024,public_aggregate,CC0 (Kaggle)
2022-02-01,Robbery,113.0,Karnataka (State),Kaggle: Karnataka Crime Review 2021-2024 (Aayush Rokade),https://www.kaggle.com/datasets/aayushrokade/crime-review-of-karnataka-2021-2024,public_aggregate,CC0 (Kaggle)
2022-03-01,Robbery,131.0,Karnataka (State),Kaggle: Karnataka Crime Review 2021-2024 (Aayush Rokade),https://www.kaggle.com/datasets/aayushrokade/crime-review-of-karnataka-2021-2024,public_aggregate,CC0 (Kaggle)
2022-04-01,Robbery,144.0,Karnataka (State),Kaggle: Karnataka Crime Review 2021-2024 (Aayush Rokade),https://www.kaggle.com/datasets/aayushrokade/crime-review-of-karnataka-2021-2024,public_aggregate,CC0 (Kaggle)
2022-05-01,Robbery,147.0,Karnataka (State),Kaggle: Karnataka Crime Review 2021-2024 (Aayush Rokade),https://www.kaggle.com/datasets/aayushrokade/crime-review-of-karnataka-2021-2024,public_aggregate,CC0 (Kaggle)
2022-06-01,Robbery,154.0,Karnataka (State),Kaggle: Karnataka Crime Review 2021-2024 (Aayush Rokade),https://www.kaggle.com/datasets/aayushrokade/crime-review-of-karnataka-2021-2024,public_aggregate,CC0 (Kaggle)
2022-07-01,Robbery,196.0,Karnataka (State),Kaggle: Karnataka Crime Review 2021-2024 (Aayush Rokade),https://www.kaggle.com/datasets/aayushrokade/crime-review-of-karnataka-2021-2024,public_aggregate,CC0 (Kaggle)
2022-08-01,Robbery,168.0,Karnataka (State),Kaggle: Karnataka Crime Review 2021-2024 (Aayush Rokade),https://www.kaggle.com/datasets/aayushrokade/crime-review-of-karnataka-2021-2024,public_aggregate,CC0 (Kaggle)
2022-09-01,Robbery,163.0,Karnataka (State),Kaggle: Karnataka Crime Review 2021-2024 (Aayush Rokade),https://www.kaggle.com/datasets/aayushrokade/crime-review-of-karnataka-2021-2024,public_aggregate,CC0 (Kaggle)
2022-10-01,Robbery,124.0,Karnataka (State),Kaggle: Karnataka Crime Review 2021-2024 (Aayush Rokade),https://www.kaggle.com/datasets/aayushrokade/crime-review-of-karnataka-2021-2024,public_aggregate,CC0 (Kaggle)
2022-11-01,Robbery,138.0,Karnataka (State),Kaggle: Karnataka Crime Review 2021-2024 (Aayush Rokade),https://www.kaggle.com/datasets/aayushrokade/crime-review-of-karnataka-2021-2024,public_aggregate,CC0 (Kaggle)
2022-12-01,Robbery,171.0,Karnataka (State),Kaggle: Karnataka Crime Review 2021-2024 (Aayush Rokade),https://www.kaggle.com/datasets/aayushrokade/crime-review-of-karnataka-2021-2024,public_aggregate,CC0 (Kaggle)
2023-01-01,Robbery,152.0,Karnataka (State),Kaggle: Karnataka Crime Review 2021-2024 (Aayush Rokade),https://www.kaggle.com/datasets/aayushrokade/crime-review-of-karnataka-2021-2024,public_aggregate,CC0 (Kaggle)
2023-02-01,Robbery,120.0,Karnataka (State),Kaggle: Karnataka Crime Review 2021-2024 (Aayush Rokade),https://www.kaggle.com/datasets/aayushrokade/crime-review-of-karnataka-2021-2024,public_aggregate,CC0 (Kaggle)
2023-03-01,Robbery,139.0,Karnataka (State),Kaggle: Karnataka Crime Review 2021-2024 (Aayush Rokade),https://www.kaggle.com/datasets/aayushrokade/crime-review-of-karnataka-2021-2024,public_aggregate,CC0 (Kaggle)
2023-04-01,Robbery,114.0,Karnataka (State),Kaggle: Karnataka Crime Review 2021-2024 (Aayush Rokade),https://www.kaggle.com/datasets/aayushrokade/crime-review-of-karnataka-2021-2024,public_aggregate,CC0 (Kaggle)
2023-05-01,Robbery,153.0,Karnataka (State),Kaggle: Karnataka Crime Review 2021-2024 (Aayush Rokade),https://www.kaggle.com/datasets/aayushrokade/crime-review-of-karnataka-2021-2024,public_aggregate,CC0 (Kaggle)
2023-06-01,Robbery,139.0,Karnataka (State),Kaggle: Karnataka Crime Review 2021-2024 (Aayush Rokade),https://www.kaggle.com/datasets/aayushrokade/crime-review-of-karnataka-2021-2024,public_aggregate,CC0 (Kaggle)
2023-08-01,Robbery,197.0,Karnataka (State),Kaggle: Karnataka Crime Review 2021-2024 (Aayush Rokade),https://www.kaggle.com/datasets/aayushrokade/crime-review-of-karnataka-2021-2024,public_aggregate,CC0 (Kaggle)
2023-09-01,Robbery,170.0,Karnataka (State),Kaggle: Karnataka Crime Review 2021-2024 (Aayush Rokade),https://www.kaggle.com/datasets/aayushrokade/crime-review-of-karnataka-2021-2024,public_aggregate,CC0 (Kaggle)
2023-10-01,Robbery,177.0,Karnataka (State),Kaggle: Karnataka Crime Review 2021-2024 (Aayush Rokade),https://www.kaggle.com/datasets/aayushrokade/crime-review-of-karnataka-2021-2024,public_aggregate,CC0 (Kaggle)
2024-01-01,Robbery,176.0,Karnataka (State),Kaggle: Karnataka Crime Review 2021-2024 (Aayush Rokade),https://www.kaggle.com/datasets/aayushrokade/crime-review-of-karnataka-2021-2024,public_aggregate,CC0 (Kaggle)
2024-02-01,Robbery,177.0,Karnataka (State),Kaggle: Karnataka Crime Review 2021-2024 (Aayush Rokade),https://www.kaggle.com/datasets/aayushrokade/crime-review-of-karnataka-2021-2024,public_aggregate,CC0 (Kaggle)
2024-03-01,Robbery,180.0,Karnataka (State),Kaggle: Karnataka Crime Review 2021-2024 (Aayush Rokade),https://www.kaggle.com/datasets/aayushrokade/crime-review-of-karnataka-2021-2024,public_aggregate,CC0 (Kaggle)
2024-04-01,Robbery,152.0,Karnataka (State),Kaggle: Karnataka Crime Review 2021-2024 (Aayush Rokade),https://www.kaggle.com/datasets/aayushrokade/crime-review-of-karnataka-2021-2024,public_aggregate,CC0 (Kaggle)
2024-05-01,Robbery,182.0,Karnataka (State),Kaggle: Karnataka Crime Review 2021-2024 (Aayush Rokade),https://www.kaggle.com/datasets/aayushrokade/crime-review-of-karnataka-2021-2024,public_aggregate,CC0 (Kaggle)
2024-06-01,Robbery,157.0,Karnataka (State),Kaggle: Karnataka Crime Review 2021-2024 (Aayush Rokade),https://www.kaggle.com/datasets/aayushrokade/crime-review-of-karnataka-2021-2024,public_aggregate,CC0 (Kaggle)
2024-07-01,Robbery,121.0,Karnataka (State),Kaggle: Karnataka Crime Review 2021-2024 (Aayush Rokade),https://www.kaggle.com/datasets/aayushrokade/crime-review-of-karnataka-2021-2024,public_aggregate,CC0 (Kaggle)
2024-08-01,Robbery,121.0,Karnataka (State),Kaggle: Karnataka Crime Review 2021-2024 (Aayush Rokade),https://www.kaggle.com/datasets/aayushrokade/crime-review-of-karnataka-2021-2024,public_aggregate,CC0 (Kaggle)
2024-09-01,Robbery,94.0,Karnataka (State),Kaggle: Karnataka Crime Review 2021-2024 (Aayush Rokade),https://www.kaggle.com/datasets/aayushrokade/crime-review-of-karnataka-2021-2024,public_aggregate,CC0 (Kaggle)
2024-10-01,Robbery,93.0,Karnataka (State),Kaggle: Karnataka Crime Review 2021-2024 (Aayush Rokade),https://www.kaggle.com/datasets/aayushrokade/crime-review-of-karnataka-2021-2024,public_aggregate,CC0 (Kaggle)
2024-11-01,Robbery,84.0,Karnataka (State),Kaggle: Karnataka Crime Review 2021-2024 (Aayush Rokade),https://www.kaggle.com/datasets/aayushrokade/crime-review-of-karnataka-2021-2024,public_aggregate,CC0 (Kaggle)
2024-12-01,Robbery,96.0,Karnataka (State),Kaggle: Karnataka Crime Review 2021-2024 (Aayush Rokade),https://www.kaggle.com/datasets/aayushrokade/crime-review-of-karnataka-2021-2024,public_aggregate,CC0 (Kaggle)
2021-01-01,Theft,1366.0,Karnataka (State),Kaggle: Karnataka Crime Review 2021-2024 (Aayush Rokade),https://www.kaggle.com/datasets/aayushrokade/crime-review-of-karnataka-2021-2024,public_aggregate,CC0 (Kaggle)
2021-02-01,Theft,1337.0,Karnataka (State),Kaggle: Karnataka Crime Review 2021-2024 (Aayush Rokade),https://www.kaggle.com/datasets/aayushrokade/crime-review-of-karnataka-2021-2024,public_aggregate,CC0 (Kaggle)
2021-03-01,Theft,1573.0,Karnataka (State),Kaggle: Karnataka Crime Review 2021-2024 (Aayush Rokade),https://www.kaggle.com/datasets/aayushrokade/crime-review-of-karnataka-2021-2024,public_aggregate,CC0 (Kaggle)
2021-04-01,Theft,1177.0,Karnataka (State),Kaggle: Karnataka Crime Review 2021-2024 (Aayush Rokade),https://www.kaggle.com/datasets/aayushrokade/crime-review-of-karnataka-2021-2024,public_aggregate,CC0 (Kaggle)
2021-05-01,Theft,807.0,Karnataka (State),Kaggle: Karnataka Crime Review 2021-2024 (Aayush Rokade),https://www.kaggle.com/datasets/aayushrokade/crime-review-of-karnataka-2021-2024,public_aggregate,CC0 (Kaggle)
2021-06-01,Theft,1250.0,Karnataka (State),Kaggle: Karnataka Crime Review 2021-2024 (Aayush Rokade),https://www.kaggle.com/datasets/aayushrokade/crime-review-of-karnataka-2021-2024,public_aggregate,CC0 (Kaggle)
2021-07-01,Theft,1627.0,Karnataka (State),Kaggle: Karnataka Crime Review 2021-2024 (Aayush Rokade),https://www.kaggle.com/datasets/aayushrokade/crime-review-of-karnataka-2021-2024,public_aggregate,CC0 (Kaggle)
2021-08-01,Theft,1672.0,Karnataka (State),Kaggle: Karnataka Crime Review 2021-2024 (Aayush Rokade),https://www.kaggle.com/datasets/aayushrokade/crime-review-of-karnataka-2021-2024,public_aggregate,CC0 (Kaggle)
2021-09-01,Theft,1580.0,Karnataka (State),Kaggle: Karnataka Crime Review 2021-2024 (Aayush Rokade),https://www.kaggle.com/datasets/aayushrokade/crime-review-of-karnataka-2021-2024,public_aggregate,CC0 (Kaggle)
2021-10-01,Theft,1546.0,Karnataka (State),Kaggle: Karnataka Crime Review 2021-2024 (Aayush Rokade),https://www.kaggle.com/datasets/aayushrokade/crime-review-of-karnataka-2021-2024,public_aggregate,CC0 (Kaggle)
2021-11-01,Theft,1597.0,Karnataka (State),Kaggle: Karnataka Crime Review 2021-2024 (Aayush Rokade),https://www.kaggle.com/datasets/aayushrokade/crime-review-of-karnataka-2021-2024,public_aggregate,CC0 (Kaggle)
2021-12-01,Theft,1749.0,Karnataka (State),Kaggle: Karnataka Crime Review 2021-2024 (Aayush Rokade),https://www.kaggle.com/datasets/aayushrokade/crime-review-of-karnataka-2021-2024,public_aggregate,CC0 (Kaggle)
2022-01-01,Theft,1583.0,Karnataka (State),Kaggle: Karnataka Crime Review 2021-2024 (Aayush Rokade),https://www.kaggle.com/datasets/aayushrokade/crime-review-of-karnataka-2021-2024,public_aggregate,CC0 (Kaggle)
2022-02-01,Theft,1614.0,Karnataka (State),Kaggle: Karnataka Crime Review 2021-2024 (Aayush Rokade),https://www.kaggle.com/datasets/aayushrokade/crime-review-of-karnataka-2021-2024,public_aggregate,CC0 (Kaggle)
2022-03-01,Theft,1717.0,Karnataka (State),Kaggle: Karnataka Crime Review 2021-2024 (Aayush Rokade),https://www.kaggle.com/datasets/aayushrokade/crime-review-of-karnataka-2021-2024,public_aggregate,CC0 (Kaggle)
2022-04-01,Theft,1703.0,Karnataka (State),Kaggle: Karnataka Crime Review 2021-2024 (Aayush Rokade),https://www.kaggle.com/datasets/aayushrokade/crime-review-of-karnataka-2021-2024,public_aggregate,CC0 (Kaggle)
2022-05-01,Theft,1874.0,Karnataka (State),Kaggle: Karnataka Crime Review 2021-2024 (Aayush Rokade),https://www.kaggle.com/datasets/aayushrokade/crime-review-of-karnataka-2021-2024,public_aggregate,CC0 (Kaggle)
2022-06-01,Theft,1930.0,Karnataka (State),Kaggle: Karnataka Crime Review 2021-2024 (Aayush Rokade),https://www.kaggle.com/datasets/aayushrokade/crime-review-of-karnataka-2021-2024,public_aggregate,CC0 (Kaggle)
2022-07-01,Theft,1954.0,Karnataka (State),Kaggle: Karnataka Crime Review 2021-2024 (Aayush Rokade),https://www.kaggle.com/datasets/aayushrokade/crime-review-of-karnataka-2021-2024,public_aggregate,CC0 (Kaggle)
2022-08-01,Theft,1871.0,Karnataka (State),Kaggle: Karnataka Crime Review 2021-2024 (Aayush Rokade),https://www.kaggle.com/datasets/aayushrokade/crime-review-of-karnataka-2021-2024,public_aggregate,CC0 (Kaggle)
2022-09-01,Theft,1652.0,Karnataka (State),Kaggle: Karnataka Crime Review 2021-2024 (Aayush Rokade),https://www.kaggle.com/datasets/aayushrokade/crime-review-of-karnataka-2021-2024,public_aggregate,CC0 (Kaggle)
2022-10-01,Theft,1649.0,Karnataka (State),Kaggle: Karnataka Crime Review 2021-2024 (Aayush Rokade),https://www.kaggle.com/datasets/aayushrokade/crime-review-of-karnataka-2021-2024,public_aggregate,CC0 (Kaggle)
2022-11-01,Theft,1717.0,Karnataka (State),Kaggle: Karnataka Crime Review 2021-2024 (Aayush Rokade),https://www.kaggle.com/datasets/aayushrokade/crime-review-of-karnataka-2021-2024,public_aggregate,CC0 (Kaggle)
2022-12-01,Theft,1951.0,Karnataka (State),Kaggle: Karnataka Crime Review 2021-2024 (Aayush Rokade),https://www.kaggle.com/datasets/aayushrokade/crime-review-of-karnataka-2021-2024,public_aggregate,CC0 (Kaggle)
2023-01-01,Theft,3603.0815443768024,Karnataka (State),Kaggle: Karnataka Crime Review 2021-2024 (Aayush Rokade),https://www.kaggle.com/datasets/aayushrokade/crime-review-of-karnataka-2021-2024,public_aggregate,CC0 (Kaggle)
2023-02-01,Theft,1626.0,Karnataka (State),Kaggle: Karnataka Crime Review 2021-2024 (Aayush Rokade),https://www.kaggle.com/datasets/aayushrokade/crime-review-of-karnataka-2021-2024,public_aggregate,CC0 (Kaggle)
2023-03-01,Theft,1661.0,Karnataka (State),Kaggle: Karnataka Crime Review 2021-2024 (Aayush Rokade),https://www.kaggle.com/datasets/aayushrokade/crime-review-of-karnataka-2021-2024,public_aggregate,CC0 (Kaggle)
2023-04-01,Theft,1560.0,Karnataka (State),Kaggle: Karnataka Crime Review 2021-2024 (Aayush Rokade),https://www.kaggle.com/datasets/aayushrokade/crime-review-of-karnataka-2021-2024,public_aggregate,CC0 (Kaggle)
2023-05-01,Theft,1723.0,Karnataka (State),Kaggle: Karnataka Crime Review 2021-2024 (Aayush Rokade),https://www.kaggle.com/datasets/aayushrokade/crime-review-of-karnataka-2021-2024,public_aggregate,CC0 (Kaggle)
2023-06-01,Theft,2422.0,Karnataka (State),Kaggle: Karnataka Crime Review 2021-2024 (Aayush Rokade),https://www.kaggle.com/datasets/aayushrokade/crime-review-of-karnataka-2021-2024,public_aggregate,CC0 (Kaggle)
2023-08-01,Theft,2870.0,Karnataka (State),Kaggle: Karnataka Crime Review 2021-2024 (Aayush Rokade),https://www.kaggle.com/datasets/aayushrokade/crime-review-of-karnataka-2021-2024,public_aggregate,CC0 (Kaggle)
2023-09-01,Theft,2248.0,Karnataka (State),Kaggle: Karnataka Crime Review 2021-2024 (Aayush Rokade),https://www.kaggle.com/datasets/aayushrokade/crime-review-of-karnataka-2021-2024,public_aggregate,CC0 (Kaggle)
2023-10-01,Theft,2392.0,Karnataka (State),Kaggle: Karnataka Crime Review 2021-2024 (Aayush Rokade),https://www.kaggle.com/datasets/aayushrokade/crime-review-of-karnataka-2021-2024,public_aggregate,CC0 (Kaggle)
2024-01-01,Theft,1943.0,Karnataka (State),Kaggle: Karnataka Crime Review 2021-2024 (Aayush Rokade),https://www.kaggle.com/datasets/aayushrokade/crime-review-of-karnataka-2021-2024,public_aggregate,CC0 (Kaggle)
2024-02-01,Theft,2010.0,Karnataka (State),Kaggle: Karnataka Crime Review 2021-2024 (Aayush Rokade),https://www.kaggle.com/datasets/aayushrokade/crime-review-of-karnataka-2021-2024,public_aggregate,CC0 (Kaggle)
2024-03-01,Theft,2126.0,Karnataka (State),Kaggle: Karnataka Crime Review 2021-2024 (Aayush Rokade),https://www.kaggle.com/datasets/aayushrokade/crime-review-of-karnataka-2021-2024,public_aggregate,CC0 (Kaggle)
2024-04-01,Theft,1765.0,Karnataka (State),Kaggle: Karnataka Crime Review 2021-2024 (Aayush Rokade),https://www.kaggle.com/datasets/aayushrokade/crime-review-of-karnataka-2021-2024,public_aggregate,CC0 (Kaggle)
2024-05-01,Theft,2128.0,Karnataka (State),Kaggle: Karnataka Crime Review 2021-2024 (Aayush Rokade),https://www.kaggle.com/datasets/aayushrokade/crime-review-of-karnataka-2021-2024,public_aggregate,CC0 (Kaggle)
2024-06-01,Theft,2026.0,Karnataka (State),Kaggle: Karnataka Crime Review 2021-2024 (Aayush Rokade),https://www.kaggle.com/datasets/aayushrokade/crime-review-of-karnataka-2021-2024,public_aggregate,CC0 (Kaggle)
2024-07-01,Theft,1751.0,Karnataka (State),Kaggle: Karnataka Crime Review 2021-2024 (Aayush Rokade),https://www.kaggle.com/datasets/aayushrokade/crime-review-of-karnataka-2021-2024,public_aggregate,CC0 (Kaggle)
2024-08-01,Theft,1751.0,Karnataka (State),Kaggle: Karnataka Crime Review 2021-2024 (Aayush Rokade),https://www.kaggle.com/datasets/aayushrokade/crime-review-of-karnataka-2021-2024,public_aggregate,CC0 (Kaggle)
2024-09-01,Theft,1759.0,Karnataka (State),Kaggle: Karnataka Crime Review 2021-2024 (Aayush Rokade),https://www.kaggle.com/datasets/aayushrokade/crime-review-of-karnataka-2021-2024,public_aggregate,CC0 (Kaggle)
2024-10-01,Theft,1769.0,Karnataka (State),Kaggle: Karnataka Crime Review 2021-2024 (Aayush Rokade),https://www.kaggle.com/datasets/aayushrokade/crime-review-of-karnataka-2021-2024,public_aggregate,CC0 (Kaggle)
2024-11-01,Theft,1665.0,Karnataka (State),Kaggle: Karnataka Crime Review 2021-2024 (Aayush Rokade),https://www.kaggle.com/datasets/aayushrokade/crime-review-of-karnataka-2021-2024,public_aggregate,CC0 (Kaggle)
2024-12-01,Theft,1890.0,Karnataka (State),Kaggle: Karnataka Crime Review 2021-2024 (Aayush Rokade),https://www.kaggle.com/datasets/aayushrokade/crime-review-of-karnataka-2021-2024,public_aggregate,CC0 (Kaggle)
